{"cameraMode":{"drawMode":0,"name":"Shaded","section":"Shading Mode"},"sceneLighting":true,"audioPlay":false,"sceneViewState":{"showFog":true,"showMaterialUpdate":false,"showSkybox":true,"showFlares":true,"showImageEffects":true,"showParticleSystems":true,"showVisualEffectGraphs":true,"m_FxEnabled":true},"in2DMode":false,"pivot":{"x":2.123800039291382,"y":1.559000015258789,"z":8.254000663757325},"rotation":{"x":-0.010911431163549424,"y":0.9876169562339783,"z":-0.08017249405384064,"w":-0.13445250689983369},"size":0.15410998463630677,"orthographic":false}