{"cameraMode":{"drawMode":0,"name":"Shaded","section":"Shading Mode"},"sceneLighting":false,"audioPlay":false,"sceneViewState":{"showFog":true,"showMaterialUpdate":true,"showSkybox":false,"showFlares":true,"showImageEffects":true,"showParticleSystems":true,"showVisualEffectGraphs":true,"m_FxEnabled":false},"in2DMode":false,"pivot":{"x":1.7300000190734864,"y":1.690000057220459,"z":9.548506736755371},"rotation":{"x":0.0010606597643345595,"y":-0.7071060538291931,"z":0.001060659997165203,"w":0.7071060538291931},"size":0.05464168265461922,"orthographic":false}