{"cameraMode":{"drawMode":0,"name":"Shaded","section":"Shading Mode"},"sceneLighting":false,"audioPlay":false,"sceneViewState":{"showFog":true,"showMaterialUpdate":true,"showSkybox":false,"showFlares":true,"showImageEffects":true,"showParticleSystems":true,"showVisualEffectGraphs":true,"m_FxEnabled":false},"in2DMode":false,"pivot":{"x":0.003999989479780197,"y":0.6524491310119629,"z":0.3639998435974121},"rotation":{"x":0.0010606597643345595,"y":-0.7071060538291931,"z":0.001060659997165203,"w":0.7071060538291931},"size":0.1694517433643341,"orthographic":false}